Checkpoint ID,Phase,Question,Your Answer,Date Completed,Insights Gained
CP1-1,Phase 1,What MCP concept did this phase teach?,,,
CP1-2,Phase 1,What real problem did this solve for your job search?,,,
CP1-3,Phase 1,What architectural decision was most important and why?,,,
CP1-4,Phase 1,What would break if this phase was implemented poorly?,,,
CP1-5,Phase 1,How does this phase set up the next one?,,,
CP2-1,Phase 2,What MCP concept did this phase teach?,,,
CP2-2,Phase 2,What real problem did this solve for your job search?,,,
CP2-3,Phase 2,What architectural decision was most important and why?,,,
CP2-4,Phase 2,What would break if this phase was implemented poorly?,,,
CP2-5,Phase 2,How does this phase set up the next one?,,,
CP3-1,Phase 3,What MCP concept did this phase teach?,,,
CP3-2,Phase 3,What real problem did this solve for your job search?,,,
CP3-3,Phase 3,What architectural decision was most important and why?,,,
CP3-4,Phase 3,What would break if this phase was implemented poorly?,,,
CP3-5,Phase 3,How does this phase set up the next one?,,,
CP4-1,Phase 4,What MCP concept did this phase teach?,,,
CP4-2,Phase 4,What real problem did this solve for your job search?,,,
CP4-3,Phase 4,What architectural decision was most important and why?,,,
CP4-4,Phase 4,What would break if this phase was implemented poorly?,,,
CP4-5,Phase 4,How does this phase set up the next one?,,,
CP5-1,Phase 5,What MCP concept did this phase teach?,,,
CP5-2,Phase 5,What real problem did this solve for your job search?,,,
CP5-3,Phase 5,What architectural decision was most important and why?,,,
CP5-4,Phase 5,What would break if this phase was implemented poorly?,,,
CP5-5,Phase 5,How does this phase set up the next one?,,,
CP6-1,Phase 6,What MCP concept did this phase teach?,,,
CP6-2,Phase 6,What real problem did this solve for your job search?,,,
CP6-3,Phase 6,What architectural decision was most important and why?,,,
CP6-4,Phase 6,What would break if this phase was implemented poorly?,,,
CP6-5,Phase 6,How does this phase set up the next one?,,,
CP7-1,Phase 7,What MCP concept did this phase teach?,,,
CP7-2,Phase 7,What real problem did this solve for your job search?,,,
CP7-3,Phase 7,What architectural decision was most important and why?,,,
CP7-4,Phase 7,What would break if this phase was implemented poorly?,,,
CP7-5,Phase 7,How does this phase set up the next one?,,,
CP8-1,Phase 8,What MCP concept did this phase teach?,,,
CP8-2,Phase 8,What real problem did this solve for your job search?,,,
CP8-3,Phase 8,What architectural decision was most important and why?,,,
CP8-4,Phase 8,What would break if this phase was implemented poorly?,,,
CP8-5,Phase 8,How does this phase set up the next one?,,,
CP9-1,Phase 9,What MCP concept did this phase teach?,,,
CP9-2,Phase 9,What real problem did this solve for your job search?,,,
CP9-3,Phase 9,What architectural decision was most important and why?,,,
CP9-4,Phase 9,What would break if this phase was implemented poorly?,,,
CP9-5,Phase 9,How does this phase set up the next one?,,,
CP10-1,Phase 10,What MCP concept did this phase teach?,,,
CP10-2,Phase 10,What real problem did this solve for your job search?,,,
CP10-3,Phase 10,What architectural decision was most important and why?,,,
CP10-4,Phase 10,What would break if this phase was implemented poorly?,,,
CP10-5,Phase 10,How does this phase set up the next one?,,,
