Phase,Task ID,Task Name,Category,Status,Priority,Estimated Hours,Learning Objective,Dependencies,Success Criteria,Blockers/Risks,Notes
Phase 1,1.1,Set up MCP development environment,Setup,Not Started,High,0.5,Understand MCP installation,,Environment is configured correctly,MCP SDK installation issues,
Phase 1,1.2,Create basic Profile MCP server structure,Development,Not Started,High,1,Understand server architecture,,Server responds to MCP protocol,Understanding protocol specs,
Phase 1,1.3,Define profile data schema,Design,Not Started,High,0.5,Learn resource modeling,,Schema supports all required fields,JSON schema complexity,
Phase 1,1.4,Implement profile://me resource,Development,Not Started,High,1,Understand resource implementation,1.2 1.3,Resource is readable via client,,
Phase 1,1.5,Implement update_profile tool,Development,Not Started,High,1,Learn tool implementation,1.2,Profile updates work correctly,,
Phase 1,1.6,Set up JSON file-based persistence,Development,Not Started,Medium,0.5,Grasp persistence patterns,1.3,Data persists across restarts,,
Phase 1,1.7,Create MCP client for testing,Development,Not Started,Medium,0.5,Understand client-server communication,1.2,Client can connect and call tools,,
Phase 1,1.8,Test full request/response flow,Testing,Not Started,High,0.5,See complete MCP cycle,1.4 1.5 1.7,All components work together,,
Phase 1,1.9,Document server API,Documentation,Not Started,Low,0.5,Practice API documentation,1.8,Clear documentation exists,,
Phase 1,1.10,Review and refactor Phase 1 code,Review,Not Started,Medium,0.5,Code quality standards,1.8,Code is clean and maintainable,,
Phase 2,2.1,Design application data schema,Design,Not Started,High,1,Understand resource relationships,,Schema supports application tracking,SQLite schema design,
Phase 2,2.2,Set up SQLite database,Setup,Not Started,High,0.5,Learn database integration,,Database is initialized correctly,,
Phase 2,2.3,Create apps:// resource namespace,Development,Not Started,High,1,Learn resource hierarchies,2.2,Namespace is queryable,,
Phase 2,2.4,Implement create_application tool,Development,Not Started,High,1.5,Tool creation patterns,2.3,Can create applications with metadata,,
Phase 2,2.5,Implement update_application_status tool,Development,Not Started,High,1,State management,2.4,Status updates work correctly,,
Phase 2,2.6,Implement list_applications tool,Development,Not Started,High,1.5,Query patterns,2.3,Can filter and list applications,,
Phase 2,2.7,Add application lifecycle states,Development,Not Started,Medium,1,State machine design,2.1,All states are supported,,
Phase 2,2.8,Create profile-application relationship,Development,Not Started,High,1,Resource relationships,2.4,Applications link to profile versions,Data integrity,
Phase 2,2.9,Add query filters,Development,Not Started,Medium,1,Advanced querying,2.6,Filters work by status/company/date,Query performance,
Phase 2,2.10,Write database migration scripts,Development,Not Started,Low,0.5,Database versioning,2.2,Migrations run successfully,,
Phase 2,2.11,Add unit tests for application tools,Testing,Not Started,High,1,Test-driven development,2.4 2.5 2.6,All tests pass,,
Phase 2,2.12,Review and refactor Phase 2 code,Review,Not Started,Medium,0.5,Code quality,2.11,Code meets standards,,
Phase 3,3.1,Create Job Research MCP server structure,Development,Not Started,High,1,Multi-server architecture,,Second server is operational,,
Phase 3,3.2,Design company intelligence schema,Design,Not Started,High,1,External data modeling,,Schema supports company data,,
Phase 3,3.3,Set up caching database,Setup,Not Started,Medium,0.5,Caching strategies,3.2,Cache database works,,
Phase 3,3.4,Implement companies:// resource,Development,Not Started,High,1,Resource in second server,3.1 3.3,Company resources are accessible,,
Phase 3,3.5,Implement postings:// resource,Development,Not Started,High,1,Job posting modeling,3.1,Job postings are structured,,
Phase 3,3.6,Build research_company tool - web scraping,Development,Not Started,High,2,External data integration,3.4,Can scrape company info,Legal/ethical considerations,
Phase 3,3.7,Build research_company tool - API integration,Development,Not Started,High,2,API integration patterns,3.4,Can fetch from APIs,API rate limits and costs,
Phase 3,3.8,Build analyze_job_description tool,Development,Not Started,High,2,Text parsing and NLP,3.5,Extracts skills and requirements,Parsing accuracy,
Phase 3,3.9,Build find_jobs tool,Development,Not Started,Medium,2,Job board integration,3.5,Can search multiple job boards,Data source reliability,
Phase 3,3.10,Add rate limiting for external APIs,Development,Not Started,High,1,Rate limiting patterns,3.7,APIs aren't overused,,
Phase 3,3.11,Implement cache invalidation strategy,Development,Not Started,Medium,1,Cache management,3.3,Cache stays fresh,,
Phase 3,3.12,Create job requirement parser,Development,Not Started,High,1.5,NLP fundamentals,3.8,Parser is accurate,,
Phase 3,3.13,Test multi-server client connection,Testing,Not Started,High,0.5,Multi-server orchestration,3.1,Client connects to both servers,,
Phase 3,3.14,Review and refactor Phase 3 code,Review,Not Started,Medium,0.5,Code quality,3.13,Code meets standards,,
Phase 4,4.1,Create template storage directory structure,Setup,Not Started,Medium,0.5,File organization,,Directory structure is logical,,
Phase 4,4.2,Import Overleaf templates into system,Setup,Not Started,High,1,Template management,,Templates are accessible,Template compatibility,
Phase 4,4.3,Design template variable mapping schema,Design,Not Started,High,1.5,Profile-to-LaTeX mapping,,Schema is comprehensive,,
Phase 4,4.4,Implement templates:// resource,Development,Not Started,High,1,Template as resource,4.1 4.2,Templates are queryable,,
Phase 4,4.5,Implement latex:// resource for outputs,Development,Not Started,Medium,0.5,Output management,4.1,Generated files are tracked,,
Phase 4,4.6,Build profile-to-LaTeX variable mapper,Development,Not Started,High,2,Data transformation,4.3,Mapping is accurate,,
Phase 4,4.7,Create template engine with Jinja2,Development,Not Started,High,2,Template engines,4.6,Variables substitute correctly,LaTeX syntax complexity,
Phase 4,4.8,Implement generate_latex_resume tool,Development,Not Started,High,2.5,Complex tool implementation,4.4 4.7,Resume generation works,Special character escaping,
Phase 4,4.9,Implement generate_latex_cover_letter tool,Development,Not Started,High,2,Letter generation,4.4 4.7,Cover letter generation works,,
Phase 4,4.10,Add emphasis selection system,Development,Not Started,High,1.5,Smart content selection,4.8,Can highlight different experiences,,
Phase 4,4.11,Create conditional section handler,Development,Not Started,Medium,1,Conditional logic,4.7,Sections show/hide correctly,,
Phase 4,4.12,Set up LaTeX file storage per application,Development,Not Started,Medium,0.5,File organization,4.5,Files organized by application,,
Phase 4,4.13,Add template versioning,Development,Not Started,Low,1,Version control,4.4,Template versions tracked,,
Phase 4,4.14,Test LaTeX compilation in Overleaf,Testing,Not Started,High,1,End-to-end validation,4.8 4.9,Generated LaTeX compiles successfully,Template compatibility,
Phase 4,4.15,Handle special characters and formatting,Development,Not Started,Medium,1,LaTeX escaping,4.7,Special chars handled correctly,,
Phase 4,4.16,Review and refactor Phase 4 code,Review,Not Started,Medium,0.5,Code quality,4.14,Code meets standards,,
Phase 5,5.1,Design end-to-end workflow architecture,Design,Not Started,High,1.5,Workflow orchestration,,Architecture is sound,Workflow complexity,
Phase 5,5.2,Build skill matching algorithm,Development,Not Started,High,2,Matching logic,,"Skills match accurately, false positives minimal",,
Phase 5,5.3,Create automatic template selection logic,Development,Not Started,Medium,1.5,Decision algorithms,5.2,Templates selected appropriately,,
Phase 5,5.4,Implement create_full_application orchestration tool,Development,Not Started,High,2.5,Cross-server orchestration,5.1,Complete workflow executes,Error propagation,
Phase 5,5.5,Build job-to-profile analyzer,Development,Not Started,High,2,Analysis algorithms,5.2,Analysis is accurate,,
Phase 5,5.6,Create emphasis recommendation engine,Development,Not Started,High,2,Recommendation logic,5.5,Recommendations make sense,,
Phase 5,5.7,Implement cover letter context builder,Development,Not Started,Medium,1.5,Context assembly,,"Context is relevant, well-structured",,
Phase 5,5.8,Add decision logging system,Development,Not Started,High,1,Audit trails,5.4,All decisions are logged,,
Phase 5,5.9,Create workflow error handling,Development,Not Started,High,1.5,Error management,5.4,Errors handled gracefully,,
Phase 5,5.10,Build rollback mechanism for failed workflows,Development,Not Started,High,1.5,Transaction management,5.9,Failed workflows don't corrupt data,,
Phase 5,5.11,Add user confirmation points,Development,Not Started,Medium,1,User interaction,5.4,Confirmation UX is good,,
Phase 5,5.12,Create workflow visualization/logging,Development,Not Started,Low,1,Observability,5.8,Workflow steps are visible,,
Phase 5,5.13,Test complete workflow with real job posting,Testing,Not Started,High,1.5,Integration testing,5.4 5.10,Real workflow succeeds,,
Phase 5,5.14,Review and refactor Phase 5 code,Review,Not Started,Medium,0.5,Code quality,5.13,Code meets standards,,
Phase 6,6.1,Design analytics data schema,Design,Not Started,High,1,Analytics modeling,,Schema supports all metrics,Insufficient data initially,
Phase 6,6.2,Create analytics:// resource namespace,Development,Not Started,Medium,0.5,Analytics resources,6.1,Analytics are queryable,,
Phase 6,6.3,Implement log_outcome tool,Development,Not Started,High,1,Outcome tracking,6.2,Outcomes logged correctly,,
Phase 6,6.4,Implement analyze_success_patterns tool,Development,Not Started,High,2,Pattern recognition,6.3,Patterns are meaningful,Small dataset challenges,
Phase 6,6.5,Implement get_recommendations tool,Development,Not Started,High,2,Recommendation engine,6.4,Recommendations improve over time,,
Phase 6,6.6,Build outcome tracking system,Development,Not Started,High,1.5,State tracking,6.3,All outcomes tracked,,
Phase 6,6.7,Create success pattern analyzer,Development,Not Started,High,2,Statistical analysis,6.4,Analysis is statistically sound,Overfitting risk,
Phase 6,6.8,Build recommendation engine,Development,Not Started,High,2,ML/heuristics,6.7,Recommendations are actionable,,
Phase 6,6.9,Add A/B testing framework,Development,Not Started,Medium,2,Experimentation,6.6,Can test different approaches,,
Phase 6,6.10,Create metrics calculation system,Development,Not Started,Medium,1,Metrics design,6.6,Metrics are accurate,,
Phase 6,6.11,Build historical comparison tool,Development,Not Started,Medium,1.5,Comparison logic,6.6,Comparisons are meaningful,,
Phase 6,6.12,Generate analytics dashboard data,Development,Not Started,Low,1,Data aggregation,6.10,Dashboard data is complete,,
Phase 6,6.13,Add feedback collection mechanism,Development,Not Started,High,1,Feedback loops,6.3,Feedback captured effectively,,
Phase 6,6.14,Review and refactor Phase 6 code,Review,Not Started,Medium,0.5,Code quality,6.13,Code meets standards,,
Phase 7,7.1,Design authentication system,Design,Not Started,High,1.5,Security architecture,,Auth design is secure,Authentication complexity,
Phase 7,7.2,Implement API key generation,Development,Not Started,High,1,Key management,7.1,Keys generated securely,Key management security,
Phase 7,7.3,Create resource-level permissions,Development,Not Started,High,2,Access control,7.1,Permissions enforced correctly,,
Phase 7,7.4,Build audit:// resource,Development,Not Started,High,1,Audit logging,,"All sensitive ops logged, immutable",,
Phase 7,7.5,Add authentication middleware,Development,Not Started,High,1.5,Middleware patterns,7.2,Auth enforced on all requests,,
Phase 7,7.6,Implement permission checking system,Development,Not Started,High,1.5,Authorization,7.3 7.5,Unauthorized access blocked,,
Phase 7,7.7,Create audit logging for all operations,Development,Not Started,High,1.5,Comprehensive logging,7.4,All operations audited,Audit log growth,
Phase 7,7.8,Add rate limiting per client,Development,Not Started,Medium,1,Rate limiting,7.5,Rate limits enforced,,
Phase 7,7.9,Implement encrypted storage for sensitive data,Development,Not Started,High,2,Encryption,,"PII encrypted at rest, keys secure",Performance impact,
Phase 7,7.10,Build session management,Development,Not Started,Medium,1,Session handling,7.5,Sessions managed securely,,
Phase 7,7.11,Create client revocation mechanism,Development,Not Started,High,1,Access revocation,7.2,Revoked clients blocked immediately,,
Phase 7,7.12,Add security testing suite,Testing,Not Started,High,2,Security testing,7.6 7.9,No security vulnerabilities found,,
Phase 7,7.13,Document security best practices,Documentation,Not Started,Medium,1,Security documentation,7.12,Docs are comprehensive,,
Phase 7,7.14,Review and refactor Phase 7 code,Review,Not Started,Medium,0.5,Code quality,7.12,Code meets standards,,
Phase 8,8.1,Create error handling framework,Development,Not Started,High,2,Error patterns,,All errors handled gracefully,Error complexity,
Phase 8,8.2,Implement retry logic with exponential backoff,Development,Not Started,High,1.5,Retry patterns,8.1,Retries work for transient failures,,
Phase 8,8.3,Build structured logging system,Development,Not Started,High,1.5,Logging best practices,,Logs are queryable and useful,,
Phase 8,8.4,Add performance metrics collection,Development,Not Started,High,1.5,Observability,,"Metrics collected for all operations, low overhead",,
Phase 8,8.5,Create automated backup system,Development,Not Started,High,2,Backup strategies,,"Backups run automatically, tested",Backup storage,
Phase 8,8.6,Implement health check endpoints,Development,Not Started,Medium,1,Health monitoring,,Health status accurate,,
Phase 8,8.7,Build load testing framework,Testing,Not Started,High,2,Performance testing,,System performs at scale,Performance bottlenecks,
Phase 8,8.8,Create deployment documentation,Documentation,Not Started,High,2,Deployment knowledge,,Deployment is reproducible,,
Phase 8,8.9,Set up monitoring dashboard,Setup,Not Started,Medium,2,Monitoring tools,8.4,Dashboard shows key metrics,Tool integration,
Phase 8,8.10,Implement graceful shutdown,Development,Not Started,Medium,1,Lifecycle management,,Shutdown doesn't lose data,,
Phase 8,8.11,Add database connection pooling,Development,Not Started,Medium,1.5,Database optimization,,Connection pool configured correctly,,
Phase 8,8.12,Create disaster recovery plan,Documentation,Not Started,High,1.5,DR planning,8.5,Recovery plan is comprehensive,,
Phase 8,8.13,Write operational runbooks,Documentation,Not Started,Medium,2,Operations knowledge,8.8 8.12,Runbooks cover all scenarios,,
Phase 8,8.14,Review and refactor Phase 8 code,Review,Not Started,Medium,0.5,Code quality,8.13,Code meets standards,,
Phase 9,9.1,Design plugin framework architecture,Design,Not Started,High,2,Plugin patterns,,Plugin system is extensible,Plugin complexity,
Phase 9,9.2,Create plugin loader system,Development,Not Started,High,2,Dynamic loading,9.1,Plugins load correctly,,
Phase 9,9.3,Build plugin registration API,Development,Not Started,High,1.5,API design,9.2,Plugin registration works,,
Phase 9,9.4,Implement email integration - Gmail API,Development,Not Started,High,3,OAuth and email APIs,9.3,Can send emails via Gmail,OAuth complexity,
Phase 9,9.5,Add calendar integration - Google Calendar,Development,Not Started,High,2.5,Calendar APIs,9.3,Interview dates sync to calendar,,
Phase 9,9.6,Create PDF export tool,Development,Not Started,Medium,2,PDF generation,9.3,PDFs export correctly,,
Phase 9,9.7,Build CSV export tool,Development,Not Started,Low,1,CSV generation,9.3,CSVs export correctly,,
Phase 9,9.8,Add analytics report generator,Development,Not Started,Medium,2,Report generation,9.6,Reports are comprehensive,,
Phase 9,9.9,Implement LinkedIn profile sync,Development,Not Started,Medium,3,LinkedIn API,9.3,Profile data syncs,API changes,
Phase 9,9.10,Create webhook system,Development,Not Started,Medium,2,Webhooks,9.3,Webhooks fire correctly,,
Phase 9,9.11,Build Indeed API integration,Development,Not Started,Medium,2.5,Job board APIs,9.3,Job data fetches from Indeed,,
Phase 9,9.12,Add Slack notification integration,Development,Not Started,Low,1.5,Slack webhooks,9.10,Notifications sent to Slack,,
Phase 9,9.13,Create plugin isolation mechanism,Development,Not Started,High,2,Isolation patterns,9.2,Plugin errors don't crash server,Dependency conflicts,
Phase 9,9.14,Write plugin development guide,Documentation,Not Started,Medium,2,Developer documentation,9.13,Guide is comprehensive,,
Phase 9,9.15,Build integration test suite,Testing,Not Started,High,2,Integration testing,9.4 9.5 9.9,All integrations tested,,
Phase 9,9.16,Review and refactor Phase 9 code,Review,Not Started,Medium,0.5,Code quality,9.15,Code meets standards,,
Phase 10,10.1,Design LLM integration architecture,Design,Not Started,High,2,AI architecture,,Architecture supports LLM integration,LLM complexity,
Phase 10,10.2,Choose LLM provider,Decision,Not Started,High,1,LLM options,10.1,Provider chosen with rationale,API costs,
Phase 10,10.3,Implement cover letter personalization tool,Development,Not Started,High,3,LLM prompting,10.2,Personalization is high quality,Prompt engineering,
Phase 10,10.4,Build conversational agent interface,Development,Not Started,High,3,Agent patterns,10.2,Conversation feels natural,,
Phase 10,10.5,Create automatic job matching system,Development,Not Started,High,3,Matching with LLM,10.2,Job matches are relevant,,
Phase 10,10.6,Implement skill gap analyzer,Development,Not Started,Medium,2,Gap analysis,10.2,Analysis is actionable,,
Phase 10,10.7,Build interview preparation generator,Development,Not Started,High,2.5,Prep content generation,10.2,Prep materials are helpful,,
Phase 10,10.8,Create follow-up email template system,Development,Not Started,Medium,2,Template generation,10.3,Follow-ups are professional,,
Phase 10,10.9,Add proactive job suggestion agent,Development,Not Started,High,3,Agentic behavior,10.5,Suggestions are timely and relevant,Agent autonomy,
Phase 10,10.10,Implement context-aware recommendation system,Development,Not Started,High,3,Context management,10.4,Recommendations use full context,Context window limits,
Phase 10,10.11,Build prompt engineering framework,Development,Not Started,High,2,Prompt patterns,10.1,Prompts are reusable and effective,,
Phase 10,10.12,Add human-in-the-loop confirmation,Development,Not Started,High,1.5,HITL patterns,10.9,User control is appropriate,,
Phase 10,10.13,Create feedback collection for AI outputs,Development,Not Started,Medium,1.5,AI feedback loops,10.3 10.4,Feedback improves outputs,,
Phase 10,10.14,Test and tune LLM prompts,Testing,Not Started,High,3,Prompt optimization,10.11 10.13,Prompts produce quality outputs,AI hallucinations,
Phase 10,10.15,Document AI capabilities and limitations,Documentation,Not Started,Medium,1.5,AI documentation,10.14,Docs set clear expectations,,
Phase 10,10.16,Review and refactor Phase 10 code,Review,Not Started,Medium,0.5,Code quality,10.15,Code meets standards,,
